planarTrimmedSurface3,21,5.707565412,-2.385365854,-6.742863938,0.088831769,0.088831769,0.088831769,5.360661344,0,0,0,0,0,0,0,0,0,0,0,0,0,0,0
planarTrimmedSurface17,21,2.234566567,-1.718656219,-8.237367315,0.065029717,0.065029717,0.065029717,5.360661344,0,0,0,0,0,0,0,0,0,0,0,0,0,0,0
planarTrimmedSurface18,21,46.66991458,-1.956879847,-8.417285251,0.065029717,0.065029717,0.065029717,5.360661344,0,0,0,0,0,0,0,0,0,0,0,0,0,0,0
planarTrimmedSurface19,21,71.64733363,-1.735204122,-8.237367315,0.065029717,0.065029717,0.065029717,5.360661344,0,0,0,0,0,0,0,0,0,0,0,0,0,0,0
planarTrimmedSurface20,21,58.24549511,-4.744841651,-3.408162579,0.065029717,0.065029717,0.065029717,5.360661344,0,0,0,0,0,0,0,0,0,0,0,0,0,0,0
planarTrimmedSurface21,21,59.55320177,-4.593311721,-4.921325543,0.081965196,0.081965196,0.081965196,5.360661344,0,0,0,0,0,0,0,0,0,0,0,0,0,0,0
planarTrimmedSurface22,21,57.61482075,-1.134153037,-11.26647258,0.056181029,0.056181029,0.056181029,5.360661344,0,0,0,0,0,0,0,0,0,0,0,0,0,0,0
planarTrimmedSurface23,21,70.95896939,-1.222330227,-10.32676941,0.056181029,0.056181029,0.056181029,5.360661344,0,0,0,0,0,0,0,0,0,0,0,0,0,0,0
planarTrimmedSurface24,21,65.39684304,0.90977955,-18.94241795,0.049914676,0.049914676,0.049914676,5.360661344,0,0,0,0,0,0,0,0,0,0,0,0,0,0,0
planarTrimmedSurface25,21,52.29767452,-0.714303573,-12.7768053,0.063938101,0.063938101,0.063938101,5.360661344,0,0,0,0,0,0,0,0,0,0,0,0,0,0,0
planarTrimmedSurface29,21,50.51398019,-4.627866011,-4.211391352,0.094874972,0.094874972,0.094874972,5.360661344,0,0,0,0,0,0,0,0,0,0,0,0,0,0,0
planarTrimmedSurface30,21,109.2275922,-1.942112014,-6.649389476,0.081753291,0.081753291,0.081753291,5.360661344,0,0,0,0,0,0,0,0,0,0,0,0,0,0,0
planarTrimmedSurface40,21,117.540692,-3.068632413,-6.43019478,0.069462374,0.069462374,0.069462374,5.360661344,0,0,0,0,0,0,0,0,0,0,0,0,0,0,0
planarTrimmedSurface41,21,118.6776354,-2.690534898,-8.461941655,0.069462374,0.069462374,0.069462374,5.360661344,0,0,0,0,0,0,0,0,0,0,0,0,0,0,0
planarTrimmedSurface42,21,130.434271,-1.272037202,-12.91526507,0.063904994,0.063904994,0.063904994,5.360661344,0,0,0,0,0,0,0,0,0,0,0,0,0,0,0
planarTrimmedSurface44,21,108.6471435,-2.479490814,-3.450857255,0.068989679,0.068989679,0.068989679,5.360661344,0,0,0,0,0,0,0,0,0,0,0,0,0,0,0
planarTrimmedSurface45,21,162.502967,-2.506129494,-6.702314142,0.06375151,0.06375151,0.06375151,5.360661344,0,0,0,0,0,0,0,0,0,0,0,0,0,0,0
planarTrimmedSurface48,21,170.5937763,-1.128714366,-6.219293638,0.06375151,0.06375151,0.06375151,5.360661344,0,0,0,0,0,0,0,0,0,0,0,0,0,0,0
planarTrimmedSurface49,21,176.2371365,-3.222202308,-4.117837812,0.103425096,0.103425096,0.103425096,5.360661344,0,0,0,0,0,0,0,0,0,0,0,0,0,0,0
planarTrimmedSurface50,21,190.0289331,-3.094548535,-3.595083544,0.066151679,0.066151679,0.066151679,5.360661344,0,0,0,0,0,0,0,0,0,0,0,0,0,0,0
planarTrimmedSurface51,21,186.5687129,-3.830794839,-3.398609046,0.066151679,0.066151679,0.066151679,5.360661344,0,0,0,0,0,0,0,0,0,0,0,0,0,0,0
pPlane124,13,58.42015476,-0.429562575,-12.26664939,0.097021955,0.097021955,0.097021955,95.36066134,0,0,0,0,0,0,0,0,0,0,0,0,0,0,0
planarTrimmedSurface7,26,0.284578587,-0.404351067,-12.18854693,0.066551511,0.066551511,0.066551511,5.360661344,0,0,0,0,0,0,0,0,0,0,0,0,0,0,0
pasted__planarTrimmedSurface2,23,2.975197914,-1.364885641,-10.33527863,0.098252082,0.098252082,0.098252082,5.360661344,0,0,0,0,0,0,0,0,0,0,0,0,0,0,0
pasted__planarTrimmedSurface27,23,14.10280936,-1.638527762,-10.36095588,0.098252082,0.098252082,0.098252082,5.360661344,0,0,0,0,0,0,0,0,0,0,0,0,0,0,0
pasted__planarTrimmedSurface45,23,-9.320293645,-1.813840188,-7.258271116,0.098252082,0.098252082,0.098252082,5.360661344,0,0,0,0,0,0,0,0,0,0,0,0,0,0,0
pasted__planarTrimmedSurface75,23,13.05438472,-2.00602075,-5.010972288,0.098252082,0.098252082,0.098252082,5.360661344,0,0,0,0,0,0,0,0,0,0,0,0,0,0,0
pasted__planarTrimmedSurface118,23,54.8573935,-1.863982809,-9.710173055,0.076724618,0.076724618,0.076724618,5.360661344,0,0,0,0,0,0,0,0,0,0,0,0,0,0,0
pasted__planarTrimmedSurface132,23,51.91411759,-4.258771908,-4.650551291,0.111937223,0.111937223,0.111937223,5.360661344,0,0,0,0,0,0,0,0,0,0,0,0,0,0,0
pasted__planarTrimmedSurface143,23,117.0976822,0.183180615,-15.61394754,0.070325198,0.065456272,0.065456272,5.360661344,0,0,0,0,0,0,0,0,0,0,0,0,0,0,0
pasted__planarTrimmedSurface184,23,133.6937569,-1.802516164,-13.12572973,0.117080597,0.117080597,0.117080597,5.360661344,0,0,0,0,0,0,0,0,0,0,0,0,0,0,0
pasted__planarTrimmedSurface185,23,132.5215711,-0.59936955,-18.21275219,0.06958097,0.06958097,0.06958097,5.360661344,0,0,0,0,0,0,0,0,0,0,0,0,0,0,0
pasted__planarTrimmedSurface201,23,119.4103088,0.682252674,-17.65768002,0.065456272,0.065456272,0.065456272,5.360661344,0,0,0,0,0,0,0,0,0,0,0,0,0,0,0
pasted__planarTrimmedSurface219,23,163.2187915,-2.263978536,-8.207931192,0.090358141,0.090358141,0.090358141,5.360661344,0,0,0,0,0,0,0,0,0,0,0,0,0,0,0
pasted__planarTrimmedSurface255,23,167.4523185,-0.96084178,-11.74417243,0.076724618,0.076724618,0.076724618,5.360661344,0,0,0,0,0,0,0,0,0,0,0,0,0,0,0
pasted__planarTrimmedSurface256,23,169.3490115,-1.367438586,-5.836562857,0.077528261,0.077528261,0.077528261,5.360661344,0,0,0,0,0,0,0,0,0,0,0,0,0,0,0
pasted__planarTrimmedSurface272,23,175.7242784,-0.459018523,-12.29581005,0.060464826,0.060464826,0.060464826,5.360661344,0,0,0,0,0,0,0,0,0,0,0,0,0,0,0
pasted__planarTrimmedSurface273,23,189.7953622,-1.287395614,-11.12794817,0.060464826,0.060464826,0.060464826,5.360661344,0,0,0,0,0,0,0,0,0,0,0,0,0,0,0
pasted__planarTrimmedSurface282,23,169.8480068,0.091913208,-12.24411329,0.060464826,0.060464826,0.060464826,5.360661344,0,0,0,0,0,0,0,0,0,0,0,0,0,0,0
pasted__planarTrimmedSurface36,25,-10.4759516,-1.271318989,-8.460042812,0.081279667,0.081279667,0.081279667,5.360661344,0,0,0,0,0,0,0,0,0,0,0,0,0,0,0
pasted__planarTrimmedSurface52,25,9.833713912,-1.200281551,-5.628105041,0.084789856,0.084789856,0.084789856,5.360661344,0,0,0,0,0,0,0,0,0,0,0,0,0,0,0
pasted__planarTrimmedSurface53,25,11.49079307,-1.756696906,-3.842751956,0.082483803,0.082483803,0.082483803,5.360661344,0,0,0,0,0,0,0,0,0,0,0,0,0,0,0
pasted__planarTrimmedSurface57,25,7.777770681,-0.0172829,-10.37361389,0.084789856,0.084789856,0.084789856,5.360661344,0,0,0,0,0,0,0,0,0,0,0,0,0,0,0
pasted__planarTrimmedSurface70,25,-7.696133702,-0.581434349,-10.96032262,0.061713416,0.061713416,0.061713416,5.360661344,0,0,0,0,0,0,0,0,0,0,0,0,0,0,0
pasted__planarTrimmedSurface77,25,12.61521533,-1.106544905,-11.46173618,0.084789856,0.084789856,0.084789856,5.360661344,0,0,0,0,0,0,0,0,0,0,0,0,0,0,0
pasted__planarTrimmedSurface95,25,53.32384269,-1.869766698,-9.117018656,0.084789856,0.084789856,0.084789856,5.360661344,0,0,0,0,0,0,0,0,0,0,0,0,0,0,0
pasted__planarTrimmedSurface96,25,69.08722448,-0.91166744,-12.96794402,0.094495248,0.094495248,0.094495248,5.360661344,0,0,0,0,0,0,0,0,0,0,0,0,0,0,0
pasted__planarTrimmedSurface97,25,71.95031154,-0.594267494,-11.78084833,0.078633356,0.078633356,0.078633356,5.360661344,0,0,0,0,0,0,0,0,0,0,0,0,0,0,0
pasted__planarTrimmedSurface98,25,71.95031154,-2.348679505,-6.970931448,0.102939139,0.102939139,0.102939139,5.360661344,0,0,0,0,0,0,0,0,0,0,0,0,0,0,0
pasted__planarTrimmedSurface106,25,66.26964081,0.377972905,-16.39352977,0.069952569,0.069952569,0.069952569,5.360661344,0,0,0,0,0,0,0,0,0,0,0,0,0,0,0
pasted__planarTrimmedSurface130,25,54.05917125,-2.851501209,-5.927050773,0.084789856,0.084789856,0.084789856,5.360661344,0,0,0,0,0,0,0,0,0,0,0,0,0,0,0
pasted__planarTrimmedSurface144,25,117.2535844,-1.18335064,-11.13468701,0.10071177,0.10071177,0.10071177,5.360661344,0,0,0,0,0,0,0,0,0,0,0,0,0,0,0
pasted__planarTrimmedSurface168,25,112.8189358,0.529769053,-12.85504624,0.077837861,0.077837861,0.077837861,5.360661344,0,0,0,0,0,0,0,0,0,0,0,0,0,0,0
pasted__planarTrimmedSurface173,25,131.2154964,-1.734934656,-11.18644498,0.107669063,0.107669063,0.107669063,5.360661344,0,0,0,0,0,0,0,0,0,0,0,0,0,0,0
pasted__planarTrimmedSurface221,25,159.8756865,-2.168694399,-6.56387301,0.070557103,0.070557103,0.070557103,5.360661344,0,0,0,0,0,0,0,0,0,0,0,0,0,0,0
pasted__planarTrimmedSurface265,25,176.4960439,-0.740640772,-11.32978105,0.076914417,0.076914417,0.076914417,5.360661344,0,0,0,0,0,0,0,0,0,0,0,0,0,0,0
pasted__planarTrimmedSurface266,25,172.8768971,0.498760133,-15.06889773,0.070557103,0.070557103,0.070557103,5.360661344,0,0,0,0,0,0,0,0,0,0,0,0,0,0,0
pasted__planarTrimmedSurface267,25,186.1834322,0.067189191,-13.86179247,0.070557103,0.070557103,0.070557103,5.360661344,0,0,0,0,0,0,0,0,0,0,0,0,0,0,0
pasted__planarTrimmedSurface277,25,186.5594057,-2.394102366,-8.490927608,0.083094694,0.083094694,0.083094694,5.360661344,0,0,0,0,0,0,0,0,0,0,0,0,0,0,0
pasted__planarTrimmedSurface286,25,163.3918923,-1.579187222,-11.28791272,0.078493644,0.078493644,0.078493644,5.360661344,0,0,0,0,0,0,0,0,0,0,0,0,0,0,0
pasted__planarTrimmedSurface4,27,2.758544397,-2.5711173,-5.961807078,0.108796113,0.108796113,0.108796113,5.360661344,0,0,0,0,0,0,0,0,0,0,0,0,0,0,0
pasted__planarTrimmedSurface8,27,-4.178338886,-2.634309221,-5.288371592,0.108796113,0.108796113,0.108796113,5.360661344,0,0,0,0,0,0,0,0,0,0,0,0,0,0,0
pasted__planarTrimmedSurface9,27,-5.709889966,-2.304701866,-6.343722746,0.095612342,0.095612342,0.095612342,5.360661344,0,0,0,0,0,0,0,0,0,0,0,0,0,0,0
pasted__planarTrimmedSurface10,27,-8.40479907,-1.412398865,-8.931196355,0.08617373,0.08617373,0.08617373,5.360661344,0,0,0,0,0,0,0,0,0,0,0,0,0,0,0
pasted__planarTrimmedSurface37,27,-6.909511146,-1.819181688,-7.454826783,0.068943915,0.068943915,0.068943915,5.360661344,0,0,0,0,0,0,0,0,0,0,0,0,0,0,0
pasted__planarTrimmedSurface41,27,12.06567488,-1.296349924,-8.296292187,0.065257549,0.065257549,0.065257549,5.360661344,0,0,0,0,0,0,0,0,0,0,0,0,0,0,0
pasted__planarTrimmedSurface54,27,11.76473089,-1.389810148,-6.284016532,0.065257549,0.065257549,0.065257549,5.360661344,0,0,0,0,0,0,0,0,0,0,0,0,0,0,0
pasted__planarTrimmedSurface58,27,3.485150958,0.222032376,-12.99177589,0.056583409,0.056583409,0.056583409,5.360661344,0,0,0,0,0,0,0,0,0,0,0,0,0,0,0
pasted__planarTrimmedSurface69,27,-10.30737729,-1.077464805,-10.22479376,0.065676499,0.065676499,0.065676499,5.360661344,0,0,0,0,0,0,0,0,0,0,0,0,0,0,0
pasted__planarTrimmedSurface71,27,-6.836401785,-2.941426797,-3.778469117,0.070627713,0.070627713,0.070627713,5.360661344,0,0,0,0,0,0,0,0,0,0,0,0,0,0,0
pasted__planarTrimmedSurface72,27,7.357839019,0.433339313,-14.13371317,0.056583409,0.056583409,0.056583409,5.360661344,0,0,0,0,0,0,0,0,0,0,0,0,0,0,0
pasted__planarTrimmedSurface73,27,13.41875614,-2.129391278,-3.464669771,0.065257549,0.065257549,0.065257549,5.360661344,0,0,0,0,0,0,0,0,0,0,0,0,0,0,0
pasted__planarTrimmedSurface76,27,10.42192271,0.349167705,-16.19467798,0.074489592,0.074489592,0.074489592,5.360661344,0,0,0,0,0,0,0,0,0,0,0,0,0,0,0
pasted__planarTrimmedSurface87,27,52.688477,-2.614496602,-6.398935172,0.074862681,0.074862681,0.074862681,5.360661344,0,0,0,0,0,0,0,0,0,0,0,0,0,0,0
pasted__planarTrimmedSurface88,27,70.26422805,-2.600975199,-7.078401763,0.111080885,0.111080885,0.111080885,5.360661344,0,0,0,0,0,0,0,0,0,0,0,0,0,0,0
pasted__planarTrimmedSurface89,27,67.68991936,-0.669345516,-13.44477708,0.076137662,0.076137662,0.076137662,5.360661344,0,0,0,0,0,0,0,0,0,0,0,0,0,0,0
pasted__planarTrimmedSurface90,27,59.46985759,-0.940195,-11.84809501,0.082759505,0.082759505,0.082759505,5.360661344,0,0,0,0,0,0,0,0,0,0,0,0,0,0,0
pasted__planarTrimmedSurface91,27,53.82382132,1.077237794,-16.86313713,0.063414373,0.063414373,0.063414373,5.360661344,0,0,0,0,0,0,0,0,0,0,0,0,0,0,0
pasted__planarTrimmedSurface92,27,66.61215428,0.573191421,-16.9104344,0.064599765,0.064599765,0.064599765,5.360661344,0,0,0,0,0,0,0,0,0,0,0,0,0,0,0
pasted__planarTrimmedSurface93,27,61.70110352,0.306202489,-17.75414802,0.071685783,0.071685783,0.071685783,5.360661344,0,0,0,0,0,0,0,0,0,0,0,0,0,0,0
pasted__planarTrimmedSurface94,27,55.32669876,-1.556029866,-10.61638316,0.071685783,0.071685783,0.071685783,5.360661344,0,0,0,0,0,0,0,0,0,0,0,0,0,0,0
pasted__planarTrimmedSurface99,27,59.46985759,0.609881009,-17.90217837,0.061448877,0.061448877,0.061448877,5.360661344,0,0,0,0,0,0,0,0,0,0,0,0,0,0,0
pasted__planarTrimmedSurface103,27,47.34401344,0.319386173,-17.89464637,0.071685783,0.071685783,0.071685783,5.360661344,0,0,0,0,0,0,0,0,0,0,0,0,0,0,0
pasted__planarTrimmedSurface107,27,68.82049309,-2.591118267,-8.399779537,0.092839321,0.092839321,0.092839321,5.360661344,0,0,0,0,0,0,0,0,0,0,0,0,0,0,0
pasted__planarTrimmedSurface110,27,55.46308254,-2.056247963,-8.733953174,0.071685783,0.071685783,0.071685783,5.360661344,0,0,0,0,0,0,0,0,0,0,0,0,0,0,0
pasted__planarTrimmedSurface116,27,57.05855438,0.693602323,-16.66375766,0.063414373,0.063414373,0.063414373,5.360661344,0,0,0,0,0,0,0,0,0,0,0,0,0,0,0
pasted__planarTrimmedSurface117,27,59.46985759,-3.756574437,-8.468279839,0.111080885,0.111080885,0.111080885,5.360661344,0,0,0,0,0,0,0,0,0,0,0,0,0,0,0
pasted__planarTrimmedSurface119,27,69.62846101,0.786034392,-16.89046225,0.064599765,0.064599765,0.064599765,5.360661344,0,0,0,0,0,0,0,0,0,0,0,0,0,0,0
pasted__planarTrimmedSurface122,27,70.19624702,-1.554392828,-10.04998212,0.097947002,0.097947002,0.097947002,5.360661344,0,0,0,0,0,0,0,0,0,0,0,0,0,0,0
pasted__planarTrimmedSurface123,27,60.84309361,1.026876054,-18.86733037,0.063414373,0.063414373,0.063414373,5.360661344,0,0,0,0,0,0,0,0,0,0,0,0,0,0,0
pasted__planarTrimmedSurface124,27,51.38263503,-1.284434637,-10.59089798,0.066940429,0.066940429,0.066940429,5.360661344,0,0,0,0,0,0,0,0,0,0,0,0,0,0,0
pasted__planarTrimmedSurface127,27,49.38359949,-2.603230353,-6.217759951,0.082237074,0.082237074,0.082237074,5.360661344,0,0,0,0,0,0,0,0,0,0,0,0,0,0,0
pasted__planarTrimmedSurface129,27,51.2041812,-3.091899467,-5.518322266,0.071685783,0.071685783,0.071685783,5.360661344,0,0,0,0,0,0,0,0,0,0,0,0,0,0,0
pasted__planarTrimmedSurface133,27,55.46308254,-4.59710679,-4.009598466,0.104585825,0.104585825,0.104585825,5.360661344,0,0,0,0,0,0,0,0,0,0,0,0,0,0,0
pasted__planarTrimmedSurface136,27,49.03616127,-4.422343563,-2.811328791,0.104585825,0.104585825,0.104585825,5.360661344,0,0,0,0,0,0,0,0,0,0,0,0,0,0,0
pasted__planarTrimmedSurface137,27,56.13430616,-2.537848471,-7.146890414,0.085956918,0.085956918,0.085956918,5.360661344,0,0,0,0,0,0,0,0,0,0,0,0,0,0,0
pasted__planarTrimmedSurface142,27,113.1043174,-1.402619098,-9.518872362,0.114986502,0.114986502,0.114986502,5.360661344,0,0,0,0,0,0,0,0,0,0,0,0,0,0,0
pasted__planarTrimmedSurface148,27,118.4499049,-2.226242675,-9.365870592,0.100224597,0.100224597,0.100224597,5.360661344,0,0,0,0,0,0,0,0,0,0,0,0,0,0,0
pasted__planarTrimmedSurface149,27,131.7666715,-2.230000199,-9.329019117,0.116184911,0.116184911,0.116184911,5.360661344,0,0,0,0,0,0,0,0,0,0,0,0,0,0,0
pasted__planarTrimmedSurface150,27,114.7876696,-1.974588083,-7.930934844,0.089931561,0.089931561,0.089931561,5.360661344,0,0,0,0,0,0,0,0,0,0,0,0,0,0,0
pasted__planarTrimmedSurface152,27,129.7750228,-1.899016222,-9.565451861,0.116184911,0.116184911,0.116184911,5.360661344,0,0,0,0,0,0,0,0,0,0,0,0,0,0,0
pasted__planarTrimmedSurface157,27,110.3570058,-1.159116364,-9.496023246,0.089930415,0.089930415,0.089930415,5.360661344,0,0,0,0,0,0,0,0,0,0,0,0,0,0,0
pasted__planarTrimmedSurface158,27,109.745732,-1.607409298,-8.202429575,0.114986502,0.114986502,0.114986502,5.360661344,0,0,0,0,0,0,0,0,0,0,0,0,0,0,0
pasted__planarTrimmedSurface159,27,131.5281292,-0.861436176,-15.8147945,0.077897441,0.077897441,0.077897441,5.360661344,0,0,0,0,0,0,0,0,0,0,0,0,0,0,0
pasted__planarTrimmedSurface162,27,114.7876696,-2.841445896,-3.879548726,0.098771085,0.098771085,0.098771085,5.360661344,0,0,0,0,0,0,0,0,0,0,0,0,0,0,0
pasted__planarTrimmedSurface164,27,118.4499049,0.742218098,-17.96665399,0.073070028,0.068011064,0.068011064,5.360661344,0,0,0,0,0,0,0,0,0,0,0,0,0,0,0
pasted__planarTrimmedSurface171,27,126.9999207,-2.07062785,-9.351268451,0.092206067,0.092206067,0.092206067,5.360661344,0,0,0,0,0,0,0,0,0,0,0,0,0,0,0
pasted__planarTrimmedSurface172,27,121.0344497,0.742218098,-17.96665399,0.068011064,0.068011064,0.068011064,5.360661344,0,0,0,0,0,0,0,0,0,0,0,0,0,0,0
pasted__planarTrimmedSurface174,27,132.2359742,-1.362674763,-13.87708507,0.077897441,0.077897441,0.077897441,5.360661344,0,0,0,0,0,0,0,0,0,0,0,0,0,0,0
pasted__planarTrimmedSurface176,27,132.7837797,-2.048764479,-11.26044584,0.098563847,0.098563847,0.098563847,5.360661344,0,0,0,0,0,0,0,0,0,0,0,0,0,0,0
pasted__planarTrimmedSurface177,27,130.0438146,-1.103246219,-13.62720773,0.083658779,0.083658779,0.083658779,5.360661344,0,0,0,0,0,0,0,0,0,0,0,0,0,0,0
pasted__planarTrimmedSurface179,27,127.5743318,-3.014550198,-5.377528504,0.108153126,0.108153126,0.108153126,5.360661344,0,0,0,0,0,0,0,0,0,0,0,0,0,0,0
pasted__planarTrimmedSurface187,27,130.9622137,-0.953220969,-14.44531677,0.083658779,0.083658779,0.083658779,5.360661344,0,0,0,0,0,0,0,0,0,0,0,0,0,0,0
pasted__planarTrimmedSurface190,27,128.2347327,-1.021152129,-13.84503824,0.077897441,0.077897441,0.077897441,5.360661344,0,0,0,0,0,0,0,0,0,0,0,0,0,0,0
pasted__planarTrimmedSurface193,27,132.2359742,-1.1716498,-15.91283563,0.077897441,0.077897441,0.077897441,5.360661344,0,0,0,0,0,0,0,0,0,0,0,0,0,0,0
pasted__planarTrimmedSurface195,27,114.3012726,-3.952900934,-0.828766504,0.0969,0.0969,0.0969,5.360661344,0,0,0,0,0,0,0,0,0,0,0,0,0,0,0
pasted__planarTrimmedSurface196,27,111.8595519,-3.751477915,-3.676665954,0.092734772,0.092734772,0.092734772,5.360661344,0,0,0,0,0,0,0,0,0,0,0,0,0,0,0
pasted__planarTrimmedSurface200,27,110.5808707,-3.443716528,-2.184748056,0.080436183,0.080436183,0.080436183,5.360661344,0,0,0,0,0,0,0,0,0,0,0,0,0,0,0
pasted__planarTrimmedSurface203,27,120.3762281,1.432815133,-19.63504337,0.041280616,0.041280616,0.041280616,5.360661344,0,0,0,0,0,0,0,0,0,0,0,0,0,0,0
pasted__planarTrimmedSurface204,27,107.9780418,-1.435919698,-7.623322353,0.089930415,0.089930415,0.089930415,5.360661344,0,0,0,0,0,0,0,0,0,0,0,0,0,0,0
pasted__planarTrimmedSurface206,27,107.1765137,-2.822548816,-3.589499751,0.088355479,0.088355479,0.088355479,5.360661344,0,0,0,0,0,0,0,0,0,0,0,0,0,0,0
pasted__planarTrimmedSurface208,27,106.7755925,-3.70322094,-2.802605569,0.088355479,0.088355479,0.088355479,5.360661344,0,0,0,0,0,0,0,0,0,0,0,0,0,0,0
pasted__planarTrimmedSurface210,27,105.6120203,-1.308974771,-9.409413294,0.089930415,0.089930415,0.089930415,5.360661344,0,0,0,0,0,0,0,0,0,0,0,0,0,0,0
pasted__planarTrimmedSurface213,27,108.5584239,-1.752726485,-5.268875412,0.047077766,0.047077766,0.047077766,5.360661344,0,0,0,0,0,0,0,0,0,0,0,0,0,0,0
pasted__planarTrimmedSurface214,27,107.8537894,-2.00397292,-4.867570611,0.094105534,0.094105534,0.094105534,5.360661344,0,0,0,0,0,0,0,0,0,0,0,0,0,0,0
pasted__planarTrimmedSurface215,27,113.7052908,-3.173040735,-3.260335158,0.092734772,0.092734772,0.092734772,5.360661344,0,0,0,0,0,0,0,0,0,0,0,0,0,0,0
pasted__planarTrimmedSurface218,27,168.7007228,-1.413275554,-6.719446136,0.100452791,0.100452791,0.100452791,5.360661344,0,0,0,0,0,0,0,0,0,0,0,0,0,0,0
pasted__planarTrimmedSurface222,27,168.7007228,0.205859864,-13.462623,0.085296154,0.085296154,0.085296154,5.360661344,0,0,0,0,0,0,0,0,0,0,0,0,0,0,0
pasted__planarTrimmedSurface223,27,174.0349196,-0.489699722,-10.86554758,0.085296154,0.085296154,0.085296154,5.360661344,0,0,0,0,0,0,0,0,0,0,0,0,0,0,0
pasted__planarTrimmedSurface224,27,188.6196707,-1.400825433,-10.9510432,0.092338156,0.092338156,0.092338156,5.360661344,0,0,0,0,0,0,0,0,0,0,0,0,0,0,0
pasted__planarTrimmedSurface225,27,189.8669045,-0.40097006,-13.43989415,0.092338156,0.092338156,0.092338156,5.360661344,0,0,0,0,0,0,0,0,0,0,0,0,0,0,0
pasted__planarTrimmedSurface226,27,192.191898,-2.075462243,-7.237481812,0.100452791,0.100452791,0.100452791,5.360661344,0,0,0,0,0,0,0,0,0,0,0,0,0,0,0
pasted__planarTrimmedSurface227,27,178.2466367,-2.075462243,-7.237481812,0.100452791,0.100452791,0.100452791,5.360661344,0,0,0,0,0,0,0,0,0,0,0,0,0,0,0
pasted__planarTrimmedSurface228,27,171.9791254,-3.645098068,-2.482136462,0.154510888,0.154510888,0.154510888,5.360661344,0,0,0,0,0,0,0,0,0,0,0,0,0,0,0
pasted__planarTrimmedSurface229,27,176.2342583,-0.322405548,-13.55154084,0.085296154,0.085296154,0.085296154,5.360661344,0,0,0,0,0,0,0,0,0,0,0,0,0,0,0
pasted__planarTrimmedSurface230,27,178.3428436,0.028151736,-15.56041957,0.085296154,0.085296154,0.085296154,5.360661344,0,0,0,0,0,0,0,0,0,0,0,0,0,0,0
pasted__planarTrimmedSurface242,27,186.9288352,-2.683477358,-4.561676086,0.104234719,0.104234719,0.104234719,5.360661344,0,0,0,0,0,0,0,0,0,0,0,0,0,0,0
pasted__planarTrimmedSurface243,27,170.1701954,-2.944057933,-3.225041863,0.22397735,0.22397735,0.22397735,5.360661344,0,0,0,0,0,0,0,0,0,0,0,0,0,0,0
pasted__planarTrimmedSurface250,27,168.7007228,-0.663956166,-11.04435331,0.092338156,0.092338156,0.092338156,5.360661344,0,0,0,0,0,0,0,0,0,0,0,0,0,0,0
pasted__planarTrimmedSurface258,27,179.2840567,-1.156153226,-10.81514388,0.100452791,0.100452791,0.100452791,5.360661344,0,0,0,0,0,0,0,0,0,0,0,0,0,0,0
pasted__planarTrimmedSurface260,27,179.2840567,-3.642651448,-3.450529684,0.166535015,0.166535015,0.166535015,5.360661344,0,0,0,0,0,0,0,0,0,0,0,0,0,0,0
pasted__planarTrimmedSurface264,27,167.8256896,-1.785869668,-4.514847718,0.084817697,0.084817697,0.084817697,5.360661344,0,0,0,0,0,0,0,0,0,0,0,0,0,0,0
pasted__planarTrimmedSurface268,27,174.6416166,0.149561038,-14.32872323,0.085296154,0.085296154,0.085296154,5.360661344,0,0,0,0,0,0,0,0,0,0,0,0,0,0,0
pasted__planarTrimmedSurface276,27,184.728115,-3.914336372,-3.304079186,0.155511368,0.155511368,0.155511368,5.360661344,0,0,0,0,0,0,0,0,0,0,0,0,0,0,0
pasted__planarTrimmedSurface278,27,187.9170001,-1.762695816,-9.989233588,0.100452791,0.100452791,0.100452791,5.360661344,0,0,0,0,0,0,0,0,0,0,0,0,0,0,0
pasted__planarTrimmedSurface281,27,166.1790653,-0.274600271,-13.56645522,0.085296154,0.085296154,0.085296154,5.360661344,0,0,0,0,0,0,0,0,0,0,0,0,0,0,0
pasted__planarTrimmedSurface283,27,164.7204141,-1.200993214,-12.14154407,0.092338156,0.092338156,0.092338156,5.360661344,0,0,0,0,0,0,0,0,0,0,0,0,0,0,0
pasted__planarTrimmedSurface287,27,161.8931308,-1.575540159,-11.66667556,0.094890602,0.094890602,0.094890602,5.360661344,0,0,0,0,0,0,0,0,0,0,0,0,0,0,0
pasted__planarTrimmedSurface13,28,-9.32033099,-0.619627513,-10.87648139,0.075156171,0.075156171,0.075156171,5.360661344,0,0,0,0,0,0,0,0,0,0,0,0,0,0,0
pasted__planarTrimmedSurface15,28,-0.986981954,-0.156282977,-12.52098473,0.075156171,0.075156171,0.075156171,5.360661344,0,0,0,0,0,0,0,0,0,0,0,0,0,0,0
pasted__planarTrimmedSurface16,28,-3.243591565,-0.616881184,-11.41482232,0.075156171,0.075156171,0.075156171,5.360661344,0,0,0,0,0,0,0,0,0,0,0,0,0,0,0
pasted__planarTrimmedSurface18,28,1.068243676,-1.553258738,-8.7560928,0.091689464,0.091689464,0.091689464,5.360661344,0,0,0,0,0,0,0,0,0,0,0,0,0,0,0
pasted__planarTrimmedSurface19,28,8.750418761,-0.711526188,-8.677108699,0.091689464,0.091689464,0.091689464,5.360661344,0,0,0,0,0,0,0,0,0,0,0,0,0,0,0
pasted__planarTrimmedSurface29,28,-13.22818638,-1.217687382,-10.56756155,0.092936552,0.092936552,0.092936552,5.360661344,0,0,0,0,0,0,0,0,0,0,0,0,0,0,0
pasted__planarTrimmedSurface30,28,-9.32033099,-2.280105989,-4.446189284,0.089279823,0.089279823,0.089279823,5.360661344,0,0,0,0,0,0,0,0,0,0,0,0,0,0,0
pasted__planarTrimmedSurface33,28,1.827562414,-0.757501435,-11.10436463,0.067471211,0.067471211,0.067471211,5.360661344,0,0,0,0,0,0,0,0,0,0,0,0,0,0,0
pasted__planarTrimmedSurface39,28,9.805771303,-0.845291733,-11.11260245,0.067471211,0.067471211,0.067471211,5.360661344,0,0,0,0,0,0,0,0,0,0,0,0,0,0,0
pasted__planarTrimmedSurface40,28,10.54827185,-0.648600046,-12.67350806,0.075156171,0.075156171,0.075156171,5.360661344,0,0,0,0,0,0,0,0,0,0,0,0,0,0,0
pasted__planarTrimmedSurface50,28,6.285776554,0.106406079,-11.02329974,0.067471211,0.067471211,0.067471211,5.360661344,0,0,0,0,0,0,0,0,0,0,0,0,0,0,0
pasted__planarTrimmedSurface55,28,10.63436722,-1.019673934,-7.390808124,0.067471211,0.067471211,0.067471211,5.360661344,0,0,0,0,0,0,0,0,0,0,0,0,0,0,0
pasted__planarTrimmedSurface78,28,56.81846213,-1.902278357,-9.686773316,0.105185058,0.105185058,0.105185058,5.360661344,0,0,0,0,0,0,0,0,0,0,0,0,0,0,0
pasted__planarTrimmedSurface79,28,53.54831217,-1.273537688,-11.18155684,0.091689464,0.091689464,0.091689464,5.360661344,0,0,0,0,0,0,0,0,0,0,0,0,0,0,0
pasted__planarTrimmedSurface80,28,68.10834507,-1.307841815,-11.53561367,0.102184613,0.102184613,0.102184613,5.360661344,0,0,0,0,0,0,0,0,0,0,0,0,0,0,0
pasted__planarTrimmedSurface81,28,68.10834507,1.010080375,-18.22748791,0.076367328,0.076367328,0.076367328,5.360661344,0,0,0,0,0,0,0,0,0,0,0,0,0,0,0
pasted__planarTrimmedSurface82,28,52.33065126,0.585483676,-15.51009799,0.082626115,0.082626115,0.082626115,5.360661344,0,0,0,0,0,0,0,0,0,0,0,0,0,0,0
pasted__planarTrimmedSurface83,28,58.5627581,0.466519574,-15.08136131,0.091996927,0.091996927,0.091996927,5.360661344,0,0,0,0,0,0,0,0,0,0,0,0,0,0,0
pasted__planarTrimmedSurface84,28,73.51369553,0.390104819,-14.26701025,0.084514678,0.084514678,0.084514678,5.360661344,0,0,0,0,0,0,0,0,0,0,0,0,0,0,0
pasted__planarTrimmedSurface85,28,61.85103432,-3.573695855,-9.671511735,0.133770153,0.133770153,0.133770153,5.360661344,0,0,0,0,0,0,0,0,0,0,0,0,0,0,0
pasted__planarTrimmedSurface86,28,54.33792984,-2.326572401,-7.178081318,0.105185058,0.105185058,0.105185058,5.360661344,0,0,0,0,0,0,0,0,0,0,0,0,0,0,0
pasted__planarTrimmedSurface104,28,49.67291166,0.846561877,-19.6312424,0.076367328,0.076367328,0.076367328,5.360661344,0,0,0,0,0,0,0,0,0,0,0,0,0,0,0
pasted__planarTrimmedSurface108,28,62.79464653,-0.752603188,-14.12791467,0.099663877,0.099663877,0.099663877,5.360661344,0,0,0,0,0,0,0,0,0,0,0,0,0,0,0
pasted__planarTrimmedSurface128,28,52.96748016,-4.704268018,-3.14507378,0.133770153,0.133770153,0.133770153,5.360661344,0,0,0,0,0,0,0,0,0,0,0,0,0,0,0
pasted__planarTrimmedSurface135,28,50.56481166,-4.841647441,-1.681023053,0.133770153,0.133770153,0.133770153,5.360661344,0,0,0,0,0,0,0,0,0,0,0,0,0,0,0
pasted__planarTrimmedSurface138,28,50.42043158,-2.10636668,-6.798217001,0.088902127,0.088902127,0.088902127,5.360661344,0,0,0,0,0,0,0,0,0,0,0,0,0,0,0
pasted__planarTrimmedSurface139,28,113.839244,-2.303354917,-6.3798754,0.133563574,0.133563574,0.133563574,5.360661344,0,0,0,0,0,0,0,0,0,0,0,0,0,0,0
pasted__planarTrimmedSurface145,28,116.8256378,-2.347872873,-7.933125342,0.140183582,0.140183582,0.140183582,5.360661344,0,0,0,0,0,0,0,0,0,0,0,0,0,0,0
pasted__planarTrimmedSurface153,28,133.7261842,-2.920821779,-7.98688809,0.180256465,0.180256465,0.180256465,5.360661344,0,0,0,0,0,0,0,0,0,0,0,0,0,0,0
pasted__planarTrimmedSurface156,28,133.7261842,-1.258105482,-16.14387193,0.109465233,0.109465233,0.109465233,5.360661344,0,0,0,0,0,0,0,0,0,0,0,0,0,0,0
pasted__planarTrimmedSurface161,28,115.7785999,-2.894453171,-5.122297461,0.111777274,0.111777274,0.111777274,5.360661344,0,0,0,0,0,0,0,0,0,0,0,0,0,0,0
pasted__planarTrimmedSurface165,28,119.9878115,0.455939237,-16.6607651,0.094223487,0.094223487,0.094223487,5.360661344,0,0,0,0,0,0,0,0,0,0,0,0,0,0,0
pasted__planarTrimmedSurface166,28,116.224564,0.417707298,-15.31483575,0.089442773,0.083250252,0.083250252,5.360661344,0,0,0,0,0,0,0,0,0,0,0,0,0,0,0
pasted__planarTrimmedSurface170,28,117.7322293,1.00200468,-18.61055475,0.08294738,0.077204563,0.077204563,5.360661344,0,0,0,0,0,0,0,0,0,0,0,0,0,0,0
pasted__planarTrimmedSurface175,28,131.0472736,-2.53231259,-7.607397737,0.180256465,0.180256465,0.180256465,5.360661344,0,0,0,0,0,0,0,0,0,0,0,0,0,0,0
pasted__planarTrimmedSurface178,28,129.1393503,-0.331472438,-16.85110558,0.081518013,0.081518013,0.081518013,5.360661344,0,0,0,0,0,0,0,0,0,0,0,0,0,0,0
pasted__planarTrimmedSurface181,28,114.736713,0.590404808,-13.95786469,0.067210912,0.062557601,0.062557601,5.360661344,0,0,0,0,0,0,0,0,0,0,0,0,0,0,0
pasted__planarTrimmedSurface188,28,128.6740666,-2.530613759,-7.147135959,0.148521288,0.148521288,0.148521288,5.360661344,0,0,0,0,0,0,0,0,0,0,0,0,0,0,0
pasted__planarTrimmedSurface191,28,129.4190155,-1.458802034,-11.91691003,0.11485136,0.11485136,0.11485136,5.360661344,0,0,0,0,0,0,0,0,0,0,0,0,0,0,0
pasted__planarTrimmedSurface197,28,113.2761934,-2.713471325,-5.105315002,0.106498721,0.106498721,0.106498721,5.360661344,0,0,0,0,0,0,0,0,0,0,0,0,0,0,0
pasted__planarTrimmedSurface199,28,112.5169957,-4.159687996,-1.296655138,0.102703861,0.102703861,0.102703861,5.360661344,0,0,0,0,0,0,0,0,0,0,0,0,0,0,0
pasted__planarTrimmedSurface202,28,122.0168503,0.528574543,-17.43483862,0.077687544,0.077687544,0.077687544,5.360661344,0,0,0,0,0,0,0,0,0,0,0,0,0,0,0
pasted__planarTrimmedSurface205,28,108.2498639,-3.609051289,-1.433181844,0.096289233,0.096289233,0.096289233,5.360661344,0,0,0,0,0,0,0,0,0,0,0,0,0,0,0
pasted__planarTrimmedSurface211,28,107.9907471,-0.693900741,-9.864334681,0.104289414,0.104289414,0.104289414,5.360661344,0,0,0,0,0,0,0,0,0,0,0,0,0,0,0
pasted__planarTrimmedSurface216,28,166.2955023,-1.892996394,-6.199448571,0.09953245,0.09953245,0.09953245,5.360661344,0,0,0,0,0,0,0,0,0,0,0,0,0,0,0
pasted__planarTrimmedSurface231,28,187.9357778,-2.798902191,-6.284454379,0.09953245,0.09953245,0.09953245,5.360661344,0,0,0,0,0,0,0,0,0,0,0,0,0,0,0
pasted__planarTrimmedSurface232,28,188.5203224,-2.893272044,-4.427490425,0.103279729,0.103279729,0.103279729,5.360661344,0,0,0,0,0,0,0,0,0,0,0,0,0,0,0
pasted__planarTrimmedSurface233,28,185.171296,-2.593099423,-5.334513778,0.082026156,0.082026156,0.082026156,5.360661344,0,0,0,0,0,0,0,0,0,0,0,0,0,0,0
pasted__planarTrimmedSurface234,28,185.9967818,-0.74391558,-12.10585,0.091492161,0.091492161,0.091492161,5.360661344,0,0,0,0,0,0,0,0,0,0,0,0,0,0,0
pasted__planarTrimmedSurface235,28,177.5158742,-0.717482166,-12.10336962,0.091492161,0.091492161,0.091492161,5.360661344,0,0,0,0,0,0,0,0,0,0,0,0,0,0,0
pasted__planarTrimmedSurface236,28,170.1815832,-0.751786769,-10.0532233,0.084514678,0.084514678,0.084514678,5.360661344,0,0,0,0,0,0,0,0,0,0,0,0,0,0,0
pasted__planarTrimmedSurface237,28,172.9434573,-1.007794292,-7.983797647,0.09953245,0.09953245,0.09953245,5.360661344,0,0,0,0,0,0,0,0,0,0,0,0,0,0,0
pasted__planarTrimmedSurface238,28,188.609155,-0.435841516,-12.99503363,0.084514678,0.084514678,0.084514678,5.360661344,0,0,0,0,0,0,0,0,0,0,0,0,0,0,0
pasted__planarTrimmedSurface239,28,184.3679208,0.267859029,-15.01430859,0.084514678,0.084514678,0.084514678,5.360661344,0,0,0,0,0,0,0,0,0,0,0,0,0,0,0
pasted__planarTrimmedSurface240,28,191.4647809,-3.012753296,-3.24371129,0.103279729,0.103279729,0.103279729,5.360661344,0,0,0,0,0,0,0,0,0,0,0,0,0,0,0
pasted__planarTrimmedSurface241,28,190.1542818,-1.98805507,-9.206918089,0.09953245,0.09953245,0.09953245,5.360661344,0,0,0,0,0,0,0,0,0,0,0,0,0,0,0
pasted__planarTrimmedSurface244,28,174.6433755,-3.074216871,-4.754340425,0.209530879,0.209530879,0.209530879,5.360661344,0,0,0,0,0,0,0,0,0,0,0,0,0,0,0
pasted__planarTrimmedSurface245,28,177.3305053,-2.649231097,-5.366289221,0.085876746,0.085876746,0.085876746,5.360661344,0,0,0,0,0,0,0,0,0,0,0,0,0,0,0
pasted__planarTrimmedSurface257,28,180.7954832,-1.414944715,-9.153140191,0.091492161,0.091492161,0.091492161,5.360661344,0,0,0,0,0,0,0,0,0,0,0,0,0,0,0
pasted__planarTrimmedSurface261,28,174.2283632,-4.182793446,-1.078315393,0.190016234,0.190016234,0.190016234,5.360661344,0,0,0,0,0,0,0,0,0,0,0,0,0,0,0
pasted__planarTrimmedSurface262,28,170.8478705,-4.766897887,-1.133124922,0.197403321,0.197403321,0.197403321,5.360661344,0,0,0,0,0,0,0,0,0,0,0,0,0,0,0
pasted__planarTrimmedSurface263,28,169.2674253,-3.5830106,-2.104704867,0.090627551,0.090627551,0.090627551,5.360661344,0,0,0,0,0,0,0,0,0,0,0,0,0,0,0
pasted__planarTrimmedSurface270,28,173.4364685,0.249514824,-13.82948035,0.084514678,0.084514678,0.084514678,5.360661344,0,0,0,0,0,0,0,0,0,0,0,0,0,0,0
pasted__planarTrimmedSurface274,28,185.607463,-4.250514846,-2.50057644,0.085114344,0.085114344,0.085114344,5.360661344,0,0,0,0,0,0,0,0,0,0,0,0,0,0,0
pasted__planarTrimmedSurface275,28,188.7517477,-2.300176684,-8.246102025,0.09953245,0.09953245,0.09953245,5.360661344,0,0,0,0,0,0,0,0,0,0,0,0,0,0,0
pasted__planarTrimmedSurface280,28,165.5167668,-1.694915806,-10.14172196,0.084514678,0.084514678,0.084514678,5.360661344,0,0,0,0,0,0,0,0,0,0,0,0,0,0,0
pasted__planarTrimmedSurface26,29,-6.446355834,-3.562598556,-2.455655905,0.074634134,0.074634134,0.074634134,5.360661344,0,0,0,0,0,0,0,0,0,0,0,0,0,0,0
pasted__planarTrimmedSurface32,29,2.627845592,-0.318175488,-12.23631692,0.059401003,0.059401003,0.059401003,5.360661344,0,0,0,0,0,0,0,0,0,0,0,0,0,0,0
pasted__planarTrimmedSurface35,29,2.29813652,0.318203046,-13.61828874,0.049601507,0.049601507,0.049601507,5.360661344,0,0,0,0,0,0,0,0,0,0,0,0,0,0,0
pasted__planarTrimmedSurface38,29,8.663016854,0.156642243,-13.63344882,0.049601507,0.049601507,0.049601507,5.360661344,0,0,0,0,0,0,0,0,0,0,0,0,0,0,0
pasted__planarTrimmedSurface43,29,-1.824179818,-0.439555848,-11.83479047,0.059401003,0.059401003,0.059401003,5.360661344,0,0,0,0,0,0,0,0,0,0,0,0,0,0,0
pasted__planarTrimmedSurface51,29,7.042760944,0.801186007,-16.56099703,0.049601507,0.049601507,0.049601507,5.360661344,0,0,0,0,0,0,0,0,0,0,0,0,0,0,0
pasted__planarTrimmedSurface56,29,8.663016854,-0.723798238,-6.91776211,0.049601507,0.049601507,0.049601507,5.360661344,0,0,0,0,0,0,0,0,0,0,0,0,0,0,0
pasted__planarTrimmedSurface64,29,0.752919808,-0.64023757,-11.78647346,0.059401003,0.059401003,0.059401003,5.360661344,0,0,0,0,0,0,0,0,0,0,0,0,0,0,0
pasted__planarTrimmedSurface74,29,12.36367916,-2.546332426,-3.166427361,0.068245336,0.068245336,0.068245336,5.360661344,0,0,0,0,0,0,0,0,0,0,0,0,0,0,0
pasted__planarTrimmedSurface100,29,52.93197097,0.230651397,-14.0924746,0.067602666,0.067602666,0.067602666,5.360661344,0,0,0,0,0,0,0,0,0,0,0,0,0,0,0
pasted__planarTrimmedSurface101,29,60.70264343,0.004290457,-14.36009291,0.064567226,0.064567226,0.064567226,5.360661344,0,0,0,0,0,0,0,0,0,0,0,0,0,0,0
pasted__planarTrimmedSurface102,29,70.38661492,-0.253325506,-14.38426634,0.059401003,0.059401003,0.059401003,5.360661344,0,0,0,0,0,0,0,0,0,0,0,0,0,0,0
pasted__planarTrimmedSurface105,29,47.13595848,-0.145440661,-14.12776525,0.059401003,0.059401003,0.059401003,5.360661344,0,0,0,0,0,0,0,0,0,0,0,0,0,0,0
pasted__planarTrimmedSurface113,29,63.49854718,0.293785075,-17.44761732,0.066137803,0.066137803,0.066137803,5.360661344,0,0,0,0,0,0,0,0,0,0,0,0,0,0,0
pasted__planarTrimmedSurface114,29,72.89510189,-1.523273696,-8.438015425,0.086662971,0.086662971,0.086662971,5.360661344,0,0,0,0,0,0,0,0,0,0,0,0,0,0,0
pasted__planarTrimmedSurface115,29,55.4234187,0.684736444,-15.96508964,0.07429108,0.07429108,0.07429108,5.360661344,0,0,0,0,0,0,0,0,0,0,0,0,0,0,0
pasted__planarTrimmedSurface120,29,72.83244297,-0.791076264,-10.32435824,0.066200284,0.066200284,0.066200284,5.360661344,0,0,0,0,0,0,0,0,0,0,0,0,0,0,0
pasted__planarTrimmedSurface121,29,66.67828292,-2.046201175,-11.01024226,0.096582767,0.096582767,0.096582767,5.360661344,0,0,0,0,0,0,0,0,0,0,0,0,0,0,0
pasted__planarTrimmedSurface125,29,51.71898868,1.082699481,-16.84066809,0.04947456,0.04947456,0.04947456,5.360661344,0,0,0,0,0,0,0,0,0,0,0,0,0,0,0
pasted__planarTrimmedSurface126,29,71.49198635,-0.538797283,-13.01289208,0.059401003,0.059401003,0.059401003,5.360661344,0,0,0,0,0,0,0,0,0,0,0,0,0,0,0
pasted__planarTrimmedSurface134,29,58.22079631,-0.445419592,-12.31574219,0.04593213,0.04593213,0.04593213,5.360661344,0,0,0,0,0,0,0,0,0,0,0,0,0,0,0
pasted__planarTrimmedSurface141,29,111.8137395,-1.657884941,-8.450646692,0.089710051,0.089710051,0.089710051,5.360661344,0,0,0,0,0,0,0,0,0,0,0,0,0,0,0
pasted__planarTrimmedSurface151,29,112.0589227,-2.842673766,-5.438949433,0.09387494,0.09387494,0.09387494,5.360661344,0,0,0,0,0,0,0,0,0,0,0,0,0,0,0
pasted__planarTrimmedSurface154,29,110.5183126,-2.95040942,-4.579862309,0.09387494,0.09387494,0.09387494,5.360661344,0,0,0,0,0,0,0,0,0,0,0,0,0,0,0
pasted__planarTrimmedSurface155,29,130.3899894,-2.821187148,-5.956982394,0.10491848,0.10491848,0.10491848,5.360661344,0,0,0,0,0,0,0,0,0,0,0,0,0,0,0
pasted__planarTrimmedSurface160,29,129.972381,0.041798049,-18.02778278,0.065763582,0.065763582,0.065763582,5.360661344,0,0,0,0,0,0,0,0,0,0,0,0,0,0,0
pasted__planarTrimmedSurface163,29,115.0505729,-1.381365188,-10.00254105,0.074974572,0.074974572,0.074974572,5.360661344,0,0,0,0,0,0,0,0,0,0,0,0,0,0,0
pasted__planarTrimmedSurface167,29,115.2480947,0.804905903,-15.38394703,0.072975349,0.067922941,0.067922941,5.360661344,0,0,0,0,0,0,0,0,0,0,0,0,0,0,0
pasted__planarTrimmedSurface169,29,114.3273659,0.934896162,-14.43818359,0.062148311,0.057845507,0.057845507,5.360661344,0,0,0,0,0,0,0,0,0,0,0,0,0,0,0
pasted__planarTrimmedSurface180,29,133.3342937,-0.281477204,-19.05741677,0.065763582,0.065763582,0.065763582,5.360661344,0,0,0,0,0,0,0,0,0,0,0,0,0,0,0
pasted__planarTrimmedSurface189,29,134.9265971,-1.223602569,-17.72623306,0.077921417,0.077921417,0.077921417,5.360661344,0,0,0,0,0,0,0,0,0,0,0,0,0,0,0
pasted__planarTrimmedSurface192,29,127.8757781,0.319935618,-18.42495605,0.065763582,0.065763582,0.065763582,5.360661344,0,0,0,0,0,0,0,0,0,0,0,0,0,0,0
pasted__planarTrimmedSurface194,29,113.1332194,-3.528813755,-2.504826518,0.084282099,0.084282099,0.084282099,5.360661344,0,0,0,0,0,0,0,0,0,0,0,0,0,0,0
pasted__planarTrimmedSurface198,29,114.5235066,-3.171652847,-2.600234662,0.067985139,0.067985139,0.067985139,5.360661344,0,0,0,0,0,0,0,0,0,0,0,0,0,0,0
pasted__planarTrimmedSurface207,29,107.2843588,-1.377033902,-6.963279484,0.068082701,0.068082701,0.068082701,5.360661344,0,0,0,0,0,0,0,0,0,0,0,0,0,0,0
pasted__planarTrimmedSurface209,29,106.9122859,-1.950238319,-4.72830002,0.06983423,0.06983423,0.06983423,5.360661344,0,0,0,0,0,0,0,0,0,0,0,0,0,0,0
pasted__planarTrimmedSurface212,29,128.836987,-2.868567573,-5.42192315,0.096149751,0.096149751,0.096149751,5.360661344,0,0,0,0,0,0,0,0,0,0,0,0,0,0,0
pasted__planarTrimmedSurface217,29,170.3176122,-1.043256539,-7.810070668,0.077449393,0.077449393,0.077449393,5.360661344,0,0,0,0,0,0,0,0,0,0,0,0,0,0,0
pasted__planarTrimmedSurface246,29,167.9647244,-3.074605993,-1.60007449,0.080365271,0.080365271,0.080365271,5.360661344,0,0,0,0,0,0,0,0,0,0,0,0,0,0,0
pasted__planarTrimmedSurface247,29,184.9802597,-0.315646825,-13.06714346,0.065763582,0.065763582,0.065763582,5.360661344,0,0,0,0,0,0,0,0,0,0,0,0,0,0,0
pasted__planarTrimmedSurface248,29,175.7590894,-0.875673323,-10.25194664,0.084427715,0.084427715,0.084427715,5.360661344,0,0,0,0,0,0,0,0,0,0,0,0,0,0,0
pasted__planarTrimmedSurface249,29,169.6771287,-1.461369866,-4.808052046,0.077449393,0.077449393,0.077449393,5.360661344,0,0,0,0,0,0,0,0,0,0,0,0,0,0,0
pasted__planarTrimmedSurface251,29,171.5799254,0.380162127,-13.93132645,0.0530919,0.0530919,0.0530919,5.360661344,0,0,0,0,0,0,0,0,0,0,0,0,0,0,0
pasted__planarTrimmedSurface259,29,187.1879581,0.279133752,-14.59352315,0.065763582,0.065763582,0.065763582,5.360661344,0,0,0,0,0,0,0,0,0,0,0,0,0,0,0
pasted__planarTrimmedSurface269,29,169.9164995,0.553477233,-14.56677961,0.065251246,0.065251246,0.065251246,5.360661344,0,0,0,0,0,0,0,0,0,0,0,0,0,0,0
pasted__planarTrimmedSurface279,29,183.2979487,-4.030010892,-1.716502878,0.064880056,0.064880056,0.064880056,5.360661344,0,0,0,0,0,0,0,0,0,0,0,0,0,0,0
pasted__planarTrimmedSurface285,29,163.152109,-0.538505426,-14.64300645,0.065763582,0.065763582,0.065763582,5.360661344,0,0,0,0,0,0,0,0,0,0,0,0,0,0,0
planarTrimmedSurface9,24,-7.470844556,-2.234855208,-5.596592042,0.079597987,0.079597987,0.079597987,5.360661344,0,0,0,0,0,0,0,0,0,0,0,0,0,0,0
planarTrimmedSurface11,24,-8.052654662,-1.822143712,-7.016801743,0.066271882,0.066271882,0.066271882,5.360661344,0,0,0,0,0,0,0,0,0,0,0,0,0,0,0
planarTrimmedSurface13,24,4.255359462,-0.12772244,-11.84035012,0.060239179,0.060239179,0.060239179,5.360661344,0,0,0,0,0,0,0,0,0,0,0,0,0,0,0
planarTrimmedSurface14,21,-11.31551631,-1.481442995,-6.758611556,0.174511293,0.174511293,0.174511293,5.360661344,0,0,0,0,0,0,0,0,0,0,0,0,0,0,0
planarTrimmedSurface15,24,-8.157713021,-3.334834741,-2.763871024,0.079597987,0.079597987,0.079597987,5.360661344,0,0,0,0,0,0,0,0,0,0,0,0,0,0,0
planarTrimmedSurface16,24,4.029101287,-1.769951891,-8.664135452,0.078123585,0.078123585,0.078123585,5.360661344,0,0,0,0,0,0,0,0,0,0,0,0,0,0,0
pasted__planarTrimmedSurface111,22,60.12605959,-4.262947761,-6.500945862,0.094944554,0.094944554,0.094944554,5.360661344,0,0,0,0,0,0,0,0,0,0,0,0,0,0,0
pasted__planarTrimmedSurface112,22,68.98860776,-2.822594544,-7.549214026,0.094944554,0.094944554,0.094944554,5.360661344,0,0,0,0,0,0,0,0,0,0,0,0,0,0,0
planarTrimmedSurface26,24,59.92163121,0.375310905,-16.75755774,0.07172986,0.07172986,0.07172986,5.360661344,0,0,0,0,0,0,0,0,0,0,0,0,0,0,0
planarTrimmedSurface27,24,50.99087704,0.12621313,-14.10292598,0.064419992,0.064419992,0.064419992,5.360661344,0,0,0,0,0,0,0,0,0,0,0,0,0,0,0
planarTrimmedSurface28,24,61.87833705,0.028929136,-16.19385532,0.071726007,0.071726007,0.071726007,5.360661344,0,0,0,0,0,0,0,0,0,0,0,0,0,0,0
pasted__planarTrimmedSurface131,22,54.79839463,-4.844213819,-2.224618572,0.094944554,0.094944554,0.094944554,5.360661344,0,0,0,0,0,0,0,0,0,0,0,0,0,0,0
pasted__planarTrimmedSurface140,22,111.443447,-4.01766748,-2.772268164,0.070785901,0.070785901,0.070785901,5.360661344,0,0,0,0,0,0,0,0,0,0,0,0,0,0,0
planarTrimmedSurface31,24,128.4966415,-1.673287917,-10.44786577,0.098303925,0.098303925,0.098303925,5.360661344,0,0,0,0,0,0,0,0,0,0,0,0,0,0,0
planarTrimmedSurface32,26,116.9764912,-0.681875969,-12.7153706,0.085984933,0.085984933,0.085984933,5.360661344,0,0,0,0,0,0,0,0,0,0,0,0,0,0,0
planarTrimmedSurface33,24,118.1480633,-0.615851699,-13.22082688,0.07600666,0.07600666,0.07600666,5.360661344,0,0,0,0,0,0,0,0,0,0,0,0,0,0,0
planarTrimmedSurface34,24,117.3580971,-0.130395346,-14.5193416,0.059968927,0.059968927,0.059968927,5.360661344,0,0,0,0,0,0,0,0,0,0,0,0,0,0,0
planarTrimmedSurface35,24,116.2611366,-1.011818444,-11.43913117,0.07600666,0.07600666,0.07600666,5.360661344,0,0,0,0,0,0,0,0,0,0,0,0,0,0,0
planarTrimmedSurface36,24,114.619489,-1.452588277,-9.439595897,0.080419151,0.080419151,0.080419151,5.360661344,0,0,0,0,0,0,0,0,0,0,0,0,0,0,0
planarTrimmedSurface37,24,117.2958987,0.60392231,-17.23456242,0.073979917,0.068857958,0.068857958,5.360661344,0,0,0,0,0,0,0,0,0,0,0,0,0,0,0
planarTrimmedSurface38,24,113.9149424,-0.69297025,-11.409212,0.07600666,0.07600666,0.07600666,5.360661344,0,0,0,0,0,0,0,0,0,0,0,0,0,0,0
planarTrimmedSurface39,26,115.5257081,0.164597468,-13.72580567,0.075480028,0.075480028,0.075480028,5.360661344,0,0,0,0,0,0,0,0,0,0,0,0,0,0,0
pasted__planarTrimmedSurface182,22,128.2949239,-2.1554228,-8.335333765,0.092328876,0.092328876,0.092328876,5.360661344,0,0,0,0,0,0,0,0,0,0,0,0,0,0,0
pasted__planarTrimmedSurface183,22,126.078523,-2.451154639,-7.520612051,0.092328876,0.092328876,0.092328876,5.360661344,0,0,0,0,0,0,0,0,0,0,0,0,0,0,0
pasted__planarTrimmedSurface186,22,115.4676354,-3.376968733,-2.686631823,0.059021442,0.059021442,0.059021442,5.360661344,0,0,0,0,0,0,0,0,0,0,0,0,0,0,0
planarTrimmedSurface43,24,129.3485544,-0.618094647,-15.20629667,0.077691237,0.077691237,0.077691237,5.360661344,0,0,0,0,0,0,0,0,0,0,0,0,0,0,0
pasted__planarTrimmedSurface220,22,161.1692187,-2.451154639,-7.520612051,0.043289128,0.043289128,0.043289128,5.360661344,0,0,0,0,0,0,0,0,0,0,0,0,0,0,0
planarTrimmedSurface46,24,160.8095054,-1.993521467,-7.035140963,0.064419992,0.064419992,0.064419992,5.360661344,0,0,0,0,0,0,0,0,0,0,0,0,0,0,0
pasted__planarTrimmedSurface252,22,187.1509992,-0.579159638,-12.35618399,0.043289128,0.043289128,0.043289128,5.360661344,0,0,0,0,0,0,0,0,0,0,0,0,0,0,0
pasted__planarTrimmedSurface253,22,189.3480352,-0.77764343,-12.37480875,0.043289128,0.043289128,0.043289128,5.360661344,0,0,0,0,0,0,0,0,0,0,0,0,0,0,0
pasted__planarTrimmedSurface254,22,190.6117016,-2.425177306,-6.29965948,0.050981357,0.050981357,0.050981357,5.360661344,0,0,0,0,0,0,0,0,0,0,0,0,0,0,0
planarTrimmedSurface52,24,178.4633275,-0.490578144,-13.89707359,0.064419992,0.064419992,0.064419992,5.360661344,0,0,0,0,0,0,0,0,0,0,0,0,0,0,0
planarTrimmedSurface53,24,176.7092696,-3.127869237,-4.652974081,0.064419992,0.064419992,0.064419992,5.360661344,0,0,0,0,0,0,0,0,0,0,0,0,0,0,0
planarTrimmedSurface54,24,179.8562049,-3.067491113,-4.527067564,0.078723358,0.078723358,0.078723358,5.360661344,0,0,0,0,0,0,0,0,0,0,0,0,0,0,0
planarTrimmedSurface55,26,187.0621534,-1.23556309,-11.06864786,0.06023971,0.06023971,0.06023971,5.360661344,0,0,0,0,0,0,0,0,0,0,0,0,0,0,0
pasted__planarTrimmedSurface271,22,174.7647969,-0.714987075,-9.993869932,0.050981357,0.050981357,0.050981357,5.360661344,0,0,0,0,0,0,0,0,0,0,0,0,0,0,0
planarTrimmedSurface56,24,183.9158777,-3.584796356,-3.581574631,0.125970376,0.125970376,0.125970376,5.360661344,0,0,0,0,0,0,0,0,0,0,0,0,0,0,0
pasted__planarTrimmedSurface284,22,166.2661581,-0.99017693,-11.65268757,0.043289128,0.043289128,0.043289128,5.360661344,0,0,0,0,0,0,0,0,0,0,0,0,0,0,0
planarTrimmedSurface57,24,162.1218059,-1.17588749,-13.0147571,0.064419992,0.064419992,0.064419992,5.360661344,0,0,0,0,0,0,0,0,0,0,0,0,0,0,0
